{"mtx": [[56820.31311462187, 0.0, 4444.478070780416], [0.0, 6155.732847393483, 1088.1157206669782], [0.0, 0.0, 1.0]], "dist": [[-62.084960595677586, 8747.899239866294, 0.18633706636565425, 0.25465499960058885, -303579.82628057455]]}