{"mtx": [[73942.41929435368, 0.0, 7249.846911630061], [0.0, 5127.468865298993, 1305.0721495430353], [0.0, 0.0, 1.0]], "dist": [[80.39262667477482, -12313.181037765993, -0.7759985373721472, -1.4282265579298241, 386049.0314252044]]}